INSERT INTO BANK.CARD VALUES ('1938c7ce-6a71-4411-8592-f476210c72b4','DEBIT','NL12345678',234);
INSERT INTO BANK.CARD VALUES ('f7f568a7-5d31-44c0-b565-cb40b955bae3','CREDIT','NL12345679',233);
INSERT INTO BANK.CARD VALUES ('8f64d1c2-c21a-4b75-8ae8-cd6fb0a36e12','CREDIT','NL12345698',334);
INSERT INTO BANK.CARD VALUES ('6b12c257-22be-4b87-87e4-6e2f7ee65ce6','DEBIT','NL12345699',239);
INSERT INTO BANK.CARD VALUES ('37a25ca3-25a7-4463-9bf3-7d9c7a91fc79','DEBIT','NL12345611',254);
INSERT INTO BANK.CARD VALUES ('59880d2d-8f62-4ea5-abe5-eac73c324074','DEBIT','NL12345600',204);

INSERT INTO BANK.CUSTOMER VALUES ('ac9c02db-ebb2-44e6-a7de-4e096844d27a','Ravi Gupta','BANK11111','Burgemeester Caan van Necklaan 999,2262 HH', 'ravi.gupta@abcd.com');
INSERT INTO BANK.CUSTOMER VALUES ('87157fdd-8bab-4de8-9d8a-53accffb4f46','Paul','BANK22222','Prinses Annalaan,2263 HH', 'paul@abcd.com');
INSERT INTO BANK.CUSTOMER VALUES ('25b57a66-e6bc-41d1-b901-71bc6eeeda51','Mohan','BANK33333','Caan van Necklaan 885,2262 XS', 'mohan@efgh.com');
INSERT INTO BANK.CUSTOMER VALUES ('37860c7a-dcda-46c8-a56b-5c87721b65af','Maarten','BANK77777','Torenvalk 1366,7827 HS Emmen ', 'Maarten@abcd.com');

INSERT INTO BANK.ACCOUNT VALUES ('8ec58cd2-6e24-45e9-9106-7b1b210f81f7','NLBANK11223344',500000,'1938c7ce-6a71-4411-8592-f476210c72b4', '87157fdd-8bab-4de8-9d8a-53accffb4f46');
INSERT INTO BANK.ACCOUNT VALUES ('d509644e-262b-4467-86e3-14dae87e6542','NLBANK11223355',55,'f7f568a7-5d31-44c0-b565-cb40b955bae3', '87157fdd-8bab-4de8-9d8a-53accffb4f46');
INSERT INTO BANK.ACCOUNT VALUES ('60d3afad-3edb-4314-a812-47556b365840','NLBANK11223366',100,'6b12c257-22be-4b87-87e4-6e2f7ee65ce6', '87157fdd-8bab-4de8-9d8a-53accffb4f46');
INSERT INTO BANK.ACCOUNT VALUES ('a5c5f9c2-2346-4cfd-9e07-8483394852e1','NLBANK11223377',90,'8f64d1c2-c21a-4b75-8ae8-cd6fb0a36e12', '37860c7a-dcda-46c8-a56b-5c87721b65af');
INSERT INTO BANK.ACCOUNT VALUES ('4655a0d2-0eb6-4eda-99bd-1ead8a6ecd05','NLBANK11223388',50,'37a25ca3-25a7-4463-9bf3-7d9c7a91fc79', '37860c7a-dcda-46c8-a56b-5c87721b65af');
INSERT INTO BANK.ACCOUNT VALUES ('95253a53-b944-4995-b991-62cad8b6d169','NLBANK11223399',500,'59880d2d-8f62-4ea5-abe5-eac73c324074', '37860c7a-dcda-46c8-a56b-5c87721b65af');